Customer_ID,Total_Spent,Avg_Transaction,Num_Purchases,Avg_Rating,Returns,Age
1000,5913.0,1182.6,5,4.6,0,56
1001,474.76,474.76,1,5.0,0,48
1002,2904.42,1452.21,2,2.5,0,32
1003,4974.04,2487.02,2,4.5,0,66
1004,5726.38,2863.19,2,3.5,0,36
1005,7063.13,1765.78,4,5.0,0,33
1006,2059.64,1029.82,2,4.5,0,44
1007,2505.27,1252.64,2,4.5,0,43
1008,2392.66,1196.33,2,4.0,0,50
1009,969.31,969.31,1,5.0,0,50
1010,1837.01,612.34,3,2.67,0,60
1011,3220.67,644.13,5,4.2,0,39
1012,5596.68,1119.34,5,4.4,0,66
1013,3787.15,946.79,4,4.5,0,43
1014,1555.62,777.81,2,3.5,0,54
1015,6107.24,872.46,7,4.29,0,62
1016,4438.37,1479.46,3,4.67,0,65
1017,463.98,463.98,1,5.0,0,30
1018,8554.17,1425.7,6,3.33,0,63
1019,762.18,381.09,2,4.5,0,47
1020,7120.16,1424.03,5,4.6,0,28
1021,5793.7,1931.23,3,3.67,0,55
1022,3918.57,1306.19,3,5.0,2,47
1023,653.48,653.48,1,5.0,0,49
1024,5182.94,1727.65,3,4.67,0,41
1025,5791.99,1158.4,5,4.2,0,22
1026,3153.77,1051.26,3,4.33,1,33
1027,2719.01,2719.01,1,5.0,0,33
1028,10127.63,1687.94,6,3.83,1,30
1029,3203.82,1067.94,3,3.0,0,34
1030,6842.36,1710.59,4,3.25,0,34
1031,2008.19,669.4,3,3.33,0,40
1032,154.52,154.52,1,5.0,0,19
1033,1244.83,1244.83,1,5.0,0,24
1034,2865.28,955.09,3,4.0,0,55
1035,3656.17,1218.72,3,4.67,1,49
1036,2011.0,1005.5,2,1.0,1,54
1037,1381.86,690.93,2,3.5,0,22
1038,5073.3,1268.32,4,4.75,1,50
1039,4052.21,2026.1,2,4.5,0,37
1040,272.32,272.32,1,3.0,0,23
1041,4038.6,1346.2,3,3.67,0,63
1042,3278.14,1639.07,2,4.5,0,51
1043,153.56,153.56,1,4.0,0,48
1044,5986.84,997.81,6,3.83,0,30
1045,174.34,87.17,2,4.5,0,55
1046,7004.69,2334.9,3,3.67,1,44
1047,5270.83,1756.94,3,4.33,1,32
1048,5649.36,1129.87,5,3.8,0,32
1049,3227.26,3227.26,1,5.0,0,30
1050,172.52,172.52,1,5.0,0,40
1051,2302.42,767.47,3,4.33,0,19
1052,5938.36,1187.67,5,4.4,1,64
1053,3041.49,1520.74,2,5.0,0,48
1054,2315.58,1157.79,2,3.0,0,33
1055,7034.47,1406.89,5,4.0,0,41
1056,5816.91,1163.38,5,4.0,0,61
1057,5664.06,1132.81,5,4.2,3,23
1058,3685.14,1228.38,3,4.33,0,62
1059,2752.18,917.39,3,3.33,0,66
1060,1565.53,1565.53,1,4.0,0,51
1061,8510.13,2127.53,4,5.0,2,51
1062,2441.72,2441.72,1,5.0,0,18
1063,7737.88,1934.47,4,4.25,1,30
1064,3967.68,1322.56,3,3.67,0,52
1065,5189.54,1729.85,3,4.67,0,56
1066,2820.79,940.26,3,4.0,0,54
1067,7072.6,1768.15,4,4.25,0,21
1068,3156.58,1052.19,3,4.67,0,21
1069,3066.29,1022.1,3,3.33,0,60
1070,2858.18,714.55,4,3.75,0,42
1071,4899.16,979.83,5,4.0,0,40
1072,2804.35,1402.18,2,4.0,1,61
1073,4186.11,1395.37,3,4.33,0,69
1074,3593.82,1197.94,3,3.67,0,18
1075,5881.7,1176.34,5,4.2,2,66
1076,570.38,570.38,1,5.0,0,43
1077,897.29,448.65,2,3.0,0,24
1078,8903.4,1483.9,6,3.0,1,66
1079,2324.09,2324.09,1,1.0,0,63
1081,3434.43,1717.22,2,4.5,0,45
1082,4443.7,1110.92,4,4.25,1,24
1083,4494.41,1123.6,4,4.25,1,46
1084,6402.91,1067.15,6,4.83,0,46
1085,2655.82,1327.91,2,5.0,0,65
1086,6881.23,1720.31,4,4.75,0,30
1087,4331.63,1082.91,4,4.0,1,52
1088,132.87,132.87,1,5.0,0,58
1089,2722.98,680.74,4,4.75,0,21
1090,2289.66,1144.83,2,3.5,2,51
1091,1275.98,425.33,3,4.33,1,23
1092,211.89,211.89,1,5.0,0,67
1093,792.77,396.39,2,4.5,0,67
1094,1956.17,1956.17,1,5.0,0,58
1095,5121.63,2560.81,2,4.5,0,69
1096,5479.05,2739.52,2,4.5,0,28
1098,4649.92,1162.48,4,4.5,0,41
1099,4434.89,1108.72,4,4.25,0,24
1100,6018.3,752.29,8,4.75,1,50
1101,1238.7,1238.7,1,4.0,0,33
1102,2094.65,698.22,3,3.33,0,26
1103,3301.53,1650.77,2,3.0,0,26
1104,4405.27,629.32,7,4.57,1,49
1105,9617.45,1202.18,8,4.0,1,50
1106,2431.26,1215.63,2,3.5,0,25
1107,3062.09,1020.7,3,2.33,0,21
1108,6235.12,1247.02,5,3.8,0,28
1109,2385.57,795.19,3,3.67,1,58
1110,3946.93,986.73,4,3.75,0,65
1111,6073.82,1518.46,4,4.25,0,45
1112,5249.88,1049.98,5,4.4,0,67
1113,445.11,222.56,2,4.5,1,66
1114,4754.83,1584.94,3,3.67,0,48
1115,6464.43,1292.89,5,4.4,0,51
1116,6384.53,1596.13,4,4.0,1,21
1117,7979.2,1994.8,4,5.0,0,31
1118,2558.36,852.79,3,4.0,0,29
1119,206.56,206.56,1,5.0,0,32
1120,635.78,317.89,2,4.5,1,44
1121,5725.8,1431.45,4,5.0,0,27
1122,5581.8,797.4,7,4.57,0,30
1124,7129.43,1782.36,4,4.0,0,34
1125,5466.0,1366.5,4,2.75,0,29
1126,665.35,332.68,2,5.0,0,32
1127,2713.25,904.42,3,3.67,2,33
1128,2299.39,459.88,5,4.0,1,50
1129,4962.5,827.08,6,3.83,1,34
1130,2677.94,1338.97,2,3.5,1,65
1131,2272.11,2272.11,1,4.0,0,34
1132,7308.64,1218.11,6,3.83,0,27
1133,6568.26,1313.65,5,4.2,1,49
1134,2335.65,1167.82,2,3.0,0,43
1135,177.84,177.84,1,4.0,0,28
1136,5535.24,1107.05,5,4.8,0,29
1137,606.05,303.03,2,4.5,1,23
1138,1664.71,332.94,5,4.0,0,31
1139,6279.26,1255.85,5,4.8,0,32
1140,3276.46,1092.15,3,4.67,1,60
1142,2165.83,721.94,3,5.0,0,67
1143,2905.45,581.09,5,4.2,1,21
1144,3291.98,1645.99,2,5.0,0,31
1145,4051.68,810.34,5,4.4,0,30
1146,2737.96,1368.98,2,3.0,0,60
1147,6212.91,1553.23,4,5.0,1,28
1148,5612.53,1403.13,4,4.5,0,51
1149,1943.72,647.91,3,5.0,0,42
1150,123.27,123.27,1,5.0,0,42
1151,5466.67,1366.67,4,4.25,0,35
1152,1970.85,1970.85,1,5.0,0,50
1153,4264.99,1421.66,3,4.0,0,60
1154,5566.73,1113.35,5,4.0,1,39
1155,1044.01,522.01,2,5.0,0,29
1156,1219.58,406.53,3,3.67,0,21
1157,2513.5,837.83,3,4.33,0,42
1158,1173.75,391.25,3,4.67,0,53
1160,2469.77,617.44,4,4.5,1,19
1161,6846.8,1711.7,4,4.75,0,59
1162,1841.27,613.76,3,4.33,1,24
1163,4978.58,1659.53,3,3.67,1,66
1164,9088.66,1817.73,5,4.6,1,28
1165,5679.55,1419.89,4,4.25,0,30
1166,3939.41,1969.7,2,4.5,0,69
1167,3762.96,1881.48,2,4.0,0,57
1168,4806.45,1201.61,4,3.5,0,36
1170,9321.46,1331.64,7,4.57,0,34
1171,2231.09,743.7,3,3.67,0,24
1172,5345.82,1336.45,4,4.0,1,64
1174,2290.31,1145.16,2,5.0,0,50
1175,2692.42,673.1,4,3.25,0,52
1176,4989.74,831.62,6,4.83,1,56
1177,2978.85,992.95,3,5.0,1,64
1178,1641.98,273.66,6,4.67,0,48
1179,2891.19,963.73,3,4.67,0,58
1180,6503.82,1300.76,5,4.4,1,62
1181,2621.22,655.3,4,3.5,0,36
1182,1832.54,610.85,3,4.33,0,20
1183,5996.1,1199.22,5,5.0,2,32
1184,1018.51,339.5,3,5.0,0,38
1185,1177.77,588.89,2,3.0,0,28
1186,5866.49,1173.3,5,4.4,0,55
1187,4618.35,923.67,5,3.6,0,64
1188,2019.67,504.92,4,3.75,0,29
1189,2023.05,2023.05,1,5.0,0,37
1190,2622.88,874.29,3,4.0,0,58
1191,6009.99,858.57,7,4.43,0,37
1192,1150.06,383.35,3,5.0,0,41
1193,3586.38,1195.46,3,4.0,0,56
1194,6464.99,1616.25,4,4.75,0,54
1195,6589.35,2196.45,3,5.0,0,55
1196,4597.68,1149.42,4,4.75,0,20
1197,2820.1,1410.05,2,5.0,0,28
1198,5633.68,1877.89,3,5.0,0,67
1199,2783.39,1391.69,2,3.0,0,59
1200,5826.54,1456.63,4,4.0,1,51
1201,2867.05,1433.52,2,4.0,0,31
1202,4573.73,2286.87,2,4.0,0,60
1203,11683.78,2920.94,4,4.25,0,25
1204,1726.14,1726.14,1,4.0,0,38
1205,4437.15,1479.05,3,5.0,1,27
1206,446.21,446.21,1,3.0,0,57
1207,539.25,539.25,1,3.0,0,56
1208,1681.23,560.41,3,3.33,0,63
1209,8482.95,1696.59,5,3.2,0,45
1210,4517.72,752.95,6,3.67,1,59
1211,3037.76,1012.59,3,3.33,0,28
1212,2755.79,1377.9,2,4.0,0,62
1213,10035.86,1254.48,8,3.62,0,18
1214,7818.33,1954.58,4,4.75,0,18
1215,5557.68,926.28,6,4.17,1,64
1216,2800.44,700.11,4,3.0,1,35
1217,473.76,236.88,2,5.0,0,65
1218,5431.75,1357.94,4,4.25,0,40
1219,3581.1,1193.7,3,3.67,0,52
1220,4834.77,966.95,5,4.2,0,57
1221,5450.56,1816.85,3,4.33,1,47
1222,841.62,420.81,2,3.5,0,61
1223,6838.5,1139.75,6,4.83,0,53
1224,5280.52,880.09,6,3.33,0,46
1225,9102.16,1137.77,8,4.25,0,24
1226,6246.62,1561.65,4,2.5,0,69
1227,6603.91,1100.65,6,4.0,0,19
1228,9799.84,1399.98,7,4.57,0,59
1229,3363.68,1681.84,2,3.5,0,31
1230,2182.37,727.46,3,3.33,0,29
1231,6039.37,1207.87,5,4.2,0,65
1232,6778.57,1694.64,4,5.0,1,19
1233,5454.69,1818.23,3,4.67,0,50
1234,3595.38,1198.46,3,3.33,2,36
1235,3993.98,570.57,7,3.29,1,46
1236,4714.98,785.83,6,4.67,1,18
1237,5435.35,1358.84,4,3.75,1,60
1238,3301.01,550.17,6,4.0,1,24
1239,4619.46,2309.73,2,4.0,0,55
1240,2265.55,1132.77,2,4.0,0,48
1241,3186.46,1593.23,2,4.5,0,48
1242,2920.36,973.45,3,5.0,0,38
1243,2339.72,1169.86,2,3.5,0,35
1244,4683.92,1561.31,3,4.33,0,38
1246,4940.0,988.0,5,3.8,0,40
1247,1992.35,996.17,2,1.0,0,25
1248,1132.01,566.0,2,5.0,0,64
1249,4174.95,2087.48,2,3.5,1,69
1250,4522.31,904.46,5,4.8,0,19
1251,2290.45,1145.23,2,4.5,0,27
1252,8480.4,1211.49,7,4.57,1,44
1253,2382.39,1191.2,2,4.5,0,68
1254,4381.46,730.24,6,3.17,0,40
1255,1150.58,575.29,2,3.5,1,63
1256,3265.27,1632.64,2,4.5,0,42
1257,3812.33,953.08,4,4.5,1,47
1258,7517.79,1252.96,6,4.0,0,41
1259,1950.31,650.1,3,4.67,0,27
1260,2304.77,1152.38,2,4.0,0,63
1261,5621.72,1405.43,4,3.5,2,52
1262,924.86,924.86,1,4.0,0,50
1263,1659.46,1659.46,1,5.0,0,39
1264,3883.45,970.86,4,3.25,3,46
1265,4070.36,2035.18,2,3.0,0,69
1266,1993.44,498.36,4,3.75,1,48
1267,2719.63,1359.82,2,4.0,0,56
1268,2405.88,1202.94,2,3.0,1,51
1269,4742.76,790.46,6,4.67,0,18
1270,11524.97,1646.42,7,4.71,0,47
1271,517.76,517.76,1,5.0,0,30
1272,13962.58,1994.65,7,4.43,0,18
1273,4956.88,1239.22,4,3.75,1,40
1274,5216.75,1738.92,3,4.67,0,18
1275,3356.53,1118.84,3,4.0,0,41
1276,2298.23,766.08,3,4.0,0,53
1277,5338.75,1334.69,4,4.75,0,35
1279,5464.21,1821.4,3,4.0,0,22
1280,4077.36,1019.34,4,3.75,0,67
1281,1686.62,843.31,2,2.5,1,20
1282,8537.74,1422.96,6,3.83,1,53
1283,5712.15,1142.43,5,4.0,0,41
1284,1969.3,656.43,3,4.33,0,59
1285,2157.18,719.06,3,4.33,0,29
1286,2024.55,674.85,3,4.33,0,26
1287,3387.51,1129.17,3,4.33,1,34
1288,3339.24,1669.62,2,4.5,1,58
1289,1382.77,1382.77,1,5.0,0,53
1290,4458.48,1114.62,4,4.0,1,43
1291,2070.75,1035.38,2,5.0,1,52
1292,520.31,260.16,2,4.0,1,46
1293,5628.66,1407.17,4,3.25,0,50
1294,2701.67,1350.83,2,2.5,0,40
1295,2646.18,2646.18,1,5.0,0,52
1296,1094.14,364.71,3,4.33,0,58
1297,4228.57,1409.52,3,4.67,1,44
1298,1427.47,356.87,4,3.75,1,34
1299,1163.41,1163.41,1,2.0,0,59
1300,823.5,823.5,1,4.0,0,46
1301,8209.71,2052.43,4,4.75,0,54
1302,888.41,444.2,2,5.0,1,38
1303,3851.24,1283.75,3,4.33,0,21
1304,1821.09,910.54,2,4.0,0,21
1305,2558.32,852.77,3,4.33,2,27
1306,6869.09,1373.82,5,4.8,2,40
1307,4577.68,762.95,6,4.33,0,18
1308,3824.37,1912.18,2,4.5,0,47
1309,7031.88,1757.97,4,4.75,0,44
1310,5750.31,1437.58,4,5.0,1,44
1312,3065.2,1021.73,3,3.33,0,26
1313,5270.59,1317.65,4,4.25,0,65
1314,8107.41,1621.48,5,4.8,2,47
1315,686.34,686.34,1,3.0,0,43
1316,2418.42,806.14,3,4.67,0,24
1317,4341.26,1447.09,3,4.33,0,21
1319,2111.92,703.97,3,3.33,1,45
1320,8234.21,1372.37,6,4.83,0,69
1322,4905.76,1635.25,3,3.67,0,60
1323,3513.48,878.37,4,4.0,1,65
1324,6793.9,1698.48,4,4.5,0,45
1325,9510.08,1902.02,5,4.4,0,35
1326,8450.33,1690.07,5,4.8,0,22
1327,2243.92,560.98,4,4.5,1,35
1328,6136.02,2045.34,3,4.0,0,64
1329,3597.71,1199.24,3,4.0,0,64
1330,495.28,495.28,1,4.0,0,45
1331,3022.76,755.69,4,4.5,1,63
1332,2687.79,895.93,3,4.33,0,59
1333,4877.56,1625.85,3,4.33,1,33
1334,3776.07,1888.03,2,3.0,0,48
1335,2425.28,1212.64,2,3.5,0,43
1336,926.9,463.45,2,4.5,0,58
1337,1517.88,505.96,3,4.67,1,50
1338,630.82,630.82,1,4.0,0,51
1339,4119.12,823.82,5,4.8,1,32
1340,1427.11,713.56,2,4.0,0,20
1341,247.06,247.06,1,5.0,0,56
1342,4374.8,1458.27,3,5.0,0,23
1343,3976.73,795.35,5,3.4,0,56
1344,6613.16,1322.63,5,3.2,0,31
1346,962.76,962.76,1,5.0,0,36
1347,2049.45,683.15,3,4.0,1,50
1348,2498.63,1249.31,2,4.5,0,55
1349,2434.62,811.54,3,4.0,1,49
1350,1887.14,629.05,3,3.67,0,60
1351,2067.85,689.28,3,4.67,0,19
1352,4660.52,1553.51,3,4.0,0,63
1353,2041.94,1020.97,2,4.5,0,60
1354,3889.64,1944.82,2,3.5,2,31
1355,3093.8,618.76,5,4.2,1,27
1356,5198.47,1039.69,5,4.2,1,27
1357,2290.5,1145.25,2,3.0,0,25
1358,4083.58,2041.79,2,4.5,0,29
1359,1388.18,1388.18,1,5.0,0,59
1361,689.11,689.11,1,4.0,0,53
1362,4402.83,880.57,5,4.4,0,32
1363,1106.09,553.05,2,4.0,0,26
1364,160.71,160.71,1,2.0,0,55
1365,3901.61,780.32,5,4.4,1,36
1366,2192.82,438.56,5,3.4,0,21
1367,3817.13,763.43,5,4.4,0,52
1368,1435.32,717.66,2,3.0,0,54
1369,762.03,762.03,1,4.0,0,38
1370,8890.76,1481.79,6,4.17,0,30
1371,5768.56,1442.14,4,4.0,0,21
1372,3067.09,1022.36,3,4.67,0,41
1373,2066.78,2066.78,1,5.0,0,42
1374,1947.33,1947.33,1,5.0,0,37
1375,12580.37,1572.55,8,3.88,1,42
1376,2444.69,814.9,3,4.67,0,67
1377,3206.59,801.65,4,3.75,0,23
1378,8631.26,1438.54,6,4.0,1,34
1379,6447.08,1289.42,5,4.6,2,67
1380,5533.95,790.56,7,3.43,1,20
1381,432.98,216.49,2,3.0,0,46
1382,4487.16,897.43,5,4.6,1,64
1383,3409.76,681.95,5,4.4,0,42
1384,7065.36,2355.12,3,5.0,1,56
1385,2802.14,934.05,3,4.33,0,44
1386,7487.88,1069.7,7,3.71,1,45
1387,3382.19,1127.4,3,3.67,0,61
1388,491.0,491.0,1,5.0,0,51
1389,6635.52,1327.1,5,4.8,0,34
1390,2675.26,1337.63,2,4.0,0,24
1391,3945.25,986.31,4,4.75,0,36
1392,6456.57,1614.14,4,4.75,0,39
1393,5006.35,1251.59,4,5.0,0,61
1394,1314.59,657.29,2,4.5,1,69
1395,18501.38,1850.14,10,4.3,0,62
1396,3821.89,1910.95,2,4.5,0,42
1397,3244.3,811.07,4,3.75,1,44
1398,3269.67,3269.67,1,4.0,0,33
1399,1042.98,1042.98,1,5.0,0,62
1400,2880.37,960.12,3,4.0,0,60
1401,2702.44,900.81,3,4.33,1,21
1402,2426.03,808.68,3,4.33,0,64
1403,1832.85,610.95,3,4.0,0,31
1404,5525.33,1105.07,5,4.4,0,68
1405,631.05,631.05,1,5.0,1,26
1406,2184.8,1092.4,2,3.5,0,44
1407,1861.9,1861.9,1,5.0,0,34
1408,3832.38,1916.19,2,4.5,0,27
1409,3723.38,930.84,4,4.75,0,64
1410,1416.59,708.3,2,4.5,0,48
1411,3707.08,3707.08,1,3.0,0,28
1412,5002.83,1667.61,3,4.67,0,56
1413,1303.88,1303.88,1,5.0,1,45
1414,6852.14,978.88,7,4.71,0,40
1415,6395.04,1065.84,6,4.67,1,21
1416,1239.52,1239.52,1,4.0,0,32
1417,4462.42,2231.21,2,5.0,1,45
1418,3667.85,916.96,4,4.0,0,50
1419,4268.69,2134.34,2,5.0,0,31
1420,4627.34,925.47,5,5.0,2,58
1421,11522.4,1440.3,8,4.38,2,43
1422,4659.07,1164.77,4,4.5,1,44
1423,350.23,175.12,2,4.0,2,66
1424,75.16,75.16,1,4.0,0,45
1425,7743.21,2581.07,3,5.0,0,49
1426,4928.23,1642.74,3,5.0,0,50
1427,2828.2,942.73,3,3.33,0,60
1428,9869.22,1096.58,9,4.56,2,22
1429,92.16,92.16,1,4.0,0,40
1430,324.75,162.38,2,4.0,0,33
1431,2070.63,690.21,3,3.33,0,26
1432,6302.02,1260.4,5,4.8,0,50
1433,3325.65,665.13,5,3.8,0,62
1434,2238.51,746.17,3,4.33,0,68
1435,908.82,454.41,2,4.5,0,28
1436,1698.56,849.28,2,4.0,0,34
1437,2291.99,764.0,3,3.0,1,28
1438,8030.01,1147.14,7,3.57,0,53
1439,1540.56,770.28,2,3.0,0,20
1440,2406.75,481.35,5,4.0,0,33
1441,6508.63,1627.16,4,4.75,0,33
1442,2594.3,864.77,3,4.33,0,43
1443,9585.75,1597.62,6,4.33,0,33
1444,2819.51,1409.76,2,2.5,0,46
1445,10294.7,2058.94,5,4.6,0,62
1446,10073.94,1259.24,8,3.88,2,40
1447,2442.53,1221.27,2,3.5,0,39
1448,1486.21,743.1,2,2.5,0,25
1449,3970.57,992.64,4,4.5,0,54
1450,516.43,516.43,1,4.0,0,60
1451,41.09,41.09,1,4.0,0,53
1452,6648.41,1108.07,6,4.0,0,29
1453,2319.24,773.08,3,5.0,0,22
1454,3347.13,669.43,5,4.4,0,45
1455,2221.03,1110.52,2,4.5,0,47
1456,3986.1,797.22,5,4.4,0,19
1458,1654.0,827.0,2,5.0,1,42
1459,3310.28,1103.43,3,3.67,0,67
1460,4961.7,992.34,5,4.0,0,55
1461,2761.69,1380.85,2,4.5,0,26
1462,4309.54,861.91,5,3.8,0,55
1463,6022.44,1003.74,6,5.0,0,25
1464,110.04,110.04,1,5.0,1,54
1465,3735.49,1245.16,3,3.0,0,39
1466,1580.6,790.3,2,4.0,0,45
1467,8682.13,2170.53,4,4.25,0,54
1468,282.53,282.53,1,4.0,0,63
1469,643.49,643.49,1,1.0,0,61
1470,11061.65,1382.71,8,4.5,1,43
1471,7634.59,1526.92,5,4.4,0,32
1472,149.01,149.01,1,5.0,0,32
1473,6930.71,1386.14,5,3.4,1,20
1474,1836.32,1836.32,1,5.0,0,34
1475,4979.74,2489.87,2,5.0,0,50
1476,2355.12,588.78,4,3.75,0,41
1477,2114.14,528.54,4,4.5,0,26
1478,8892.65,1778.53,5,4.8,0,63
1479,3905.13,1301.71,3,3.67,0,49
1480,3642.97,910.74,4,4.5,0,53
1481,982.53,491.27,2,4.0,0,24
1482,1194.04,1194.04,1,5.0,0,49
1484,2308.51,769.5,3,4.33,0,60
1485,7542.03,1508.41,5,3.2,0,33
1486,2608.81,1304.4,2,5.0,0,62
1487,189.33,189.33,1,5.0,0,64
1488,3039.88,3039.88,1,4.0,0,18
1489,631.68,315.84,2,4.0,0,66
1490,6296.4,1574.1,4,4.5,1,27
1491,2709.27,1354.63,2,2.5,0,28
1492,6457.93,1291.59,5,3.8,0,69
1493,4176.65,1392.22,3,5.0,0,51
1494,4966.31,993.26,5,3.6,1,63
1495,6563.93,1312.79,5,3.4,0,36
1496,1069.35,1069.35,1,5.0,0,41
1497,5742.43,1914.14,3,4.33,1,18
1498,6072.15,1518.04,4,3.75,0,30
1499,6845.37,1711.34,4,4.25,0,53
1500,2058.16,2058.16,1,3.0,0,46
1501,9979.01,1995.8,5,4.6,1,34
1502,10147.86,1449.69,7,4.57,1,30
1503,1799.05,1799.05,1,4.0,0,34
1504,2820.35,1410.17,2,5.0,0,69
1505,7461.09,1065.87,7,3.43,0,49
1506,3580.85,1790.43,2,3.0,0,42
1507,9491.07,1581.84,6,3.0,1,59
1508,3665.62,1221.87,3,4.0,2,28
1509,2417.2,1208.6,2,3.0,0,68
1510,4857.79,1619.26,3,4.33,0,18
1511,2593.48,1296.74,2,4.5,0,49
1512,2636.08,1318.04,2,4.0,0,55
1513,1599.51,399.88,4,4.5,0,18
1514,4018.27,1339.42,3,3.0,1,65
1515,5570.55,1856.85,3,5.0,0,31
1516,1292.5,1292.5,1,1.0,0,25
1517,2834.84,944.95,3,4.33,0,30
1519,6888.26,984.04,7,4.29,0,52
1520,5523.42,1104.68,5,4.6,0,30
1521,2170.9,542.73,4,4.5,0,18
1522,9900.86,2475.22,4,3.5,0,60
1523,3347.26,669.45,5,4.4,1,68
1524,7087.96,1417.59,5,4.4,0,63
1525,690.22,690.22,1,4.0,0,39
1526,484.29,242.15,2,4.5,0,29
1527,12872.61,1609.08,8,3.75,0,68
1528,1080.82,360.27,3,3.0,0,27
1529,4120.14,686.69,6,4.17,1,55
1530,2249.87,749.96,3,4.0,0,27
1531,1051.9,525.95,2,5.0,0,24
1532,3987.19,1993.59,2,3.5,0,69
1533,4314.93,1438.31,3,3.0,0,39
1534,1315.49,438.5,3,4.67,0,27
1535,2863.8,572.76,5,4.6,1,68
1536,8143.14,2035.79,4,4.25,1,57
1537,3839.5,767.9,5,3.8,0,26
1538,1537.88,1537.88,1,5.0,0,25
1539,5880.1,1176.02,5,4.4,1,39
1540,700.11,350.05,2,4.5,0,60
1541,6409.63,1602.41,4,4.0,1,20
1542,1816.76,908.38,2,3.0,0,25
1543,1718.95,859.48,2,5.0,0,42
1544,1787.65,595.88,3,3.33,0,40
1545,7980.94,997.62,8,4.62,0,36
1546,4538.98,1512.99,3,4.0,0,53
1547,2867.81,955.94,3,3.0,1,40
1548,1641.31,547.1,3,4.67,0,36
1549,2930.99,977.0,3,4.33,1,22
1550,4788.9,957.78,5,3.8,1,65
1551,3963.94,990.99,4,4.5,0,18
1552,840.46,420.23,2,5.0,0,26
1553,3334.88,666.98,5,5.0,0,40
1554,2206.23,1103.11,2,4.0,0,19
1555,8294.53,1036.82,8,4.25,0,59
1556,4552.63,910.53,5,4.2,0,68
1557,1777.95,592.65,3,5.0,1,34
1558,4909.83,1227.46,4,3.75,0,68
1559,4751.3,950.26,5,4.4,1,34
1560,4222.37,1055.59,4,3.75,1,65
1561,329.26,164.63,2,4.5,0,36
1562,507.48,507.48,1,5.0,0,18
1564,4792.27,1198.07,4,2.75,0,18
1565,1684.2,842.1,2,4.5,0,43
1566,4183.37,1394.46,3,4.33,0,19
1567,3451.85,1150.62,3,2.67,0,39
1568,2995.15,1497.58,2,4.5,0,50
1569,2905.74,968.58,3,4.0,1,53
1570,478.95,478.95,1,2.0,0,64
1571,2980.92,1490.46,2,4.0,0,67
1572,4637.77,1545.92,3,4.33,0,29
1573,8469.2,1693.84,5,4.6,0,25
1574,4108.26,1027.07,4,3.0,0,35
1575,2009.02,669.67,3,3.67,0,57
1576,2181.64,1090.82,2,5.0,0,22
1577,3510.93,1755.47,2,4.0,0,39
1578,928.1,464.05,2,4.5,0,19
1579,3657.86,914.47,4,3.5,0,23
1580,1008.82,504.41,2,5.0,0,26
1581,5690.28,1138.06,5,4.4,2,28
1582,2481.03,827.01,3,4.67,0,65
1583,1270.07,635.03,2,5.0,0,67
1584,3242.75,1080.92,3,4.67,1,35
1585,2894.95,964.98,3,3.67,0,39
1586,1409.85,1409.85,1,4.0,0,53
1587,9156.29,1831.26,5,3.6,0,64
1588,8224.01,1644.8,5,3.8,0,33
1589,3182.7,1060.9,3,4.33,1,47
1590,456.17,456.17,1,4.0,0,34
1591,2544.64,848.21,3,3.33,0,25
1592,955.35,955.35,1,5.0,0,46
1593,6201.29,1033.55,6,3.67,1,28
1594,3777.26,1259.09,3,5.0,0,38
1595,3563.11,890.78,4,4.25,0,65
1596,2092.59,418.52,5,4.4,1,58
1597,4318.51,1079.63,4,4.5,0,40
1598,8307.57,2076.89,4,4.75,1,36
1599,5697.69,1424.42,4,3.5,1,39
1600,3611.52,1203.84,3,3.67,0,69
1601,2976.73,992.24,3,4.0,0,55
1602,3625.9,1208.63,3,4.33,1,18
1603,7697.15,2565.72,3,4.67,0,32
1604,12342.76,2057.13,6,4.5,0,33
1605,7790.69,1298.45,6,4.5,0,58
1606,2398.57,1199.29,2,5.0,0,32
1607,5162.46,1032.49,5,4.2,0,58
1608,3449.66,1149.89,3,4.0,0,54
1609,4886.75,1221.69,4,4.75,0,32
1610,6671.91,1111.99,6,4.17,0,36
1611,3896.19,974.05,4,4.0,1,58
1612,3191.95,1595.97,2,4.5,0,55
1613,2732.46,1366.23,2,5.0,1,49
1614,4132.93,590.42,7,4.0,1,59
1615,4911.36,982.27,5,4.0,0,22
1616,4064.89,1016.22,4,4.5,0,36
1617,4869.29,608.66,8,4.5,2,38
1618,1489.22,496.41,3,4.33,1,65
1619,4859.77,1619.92,3,4.33,0,24
1620,4387.65,1096.91,4,3.75,0,30
1621,6206.85,2068.95,3,4.33,0,48
1622,1319.15,439.72,3,4.33,0,18
1623,397.68,397.68,1,5.0,0,55
1624,1848.76,616.25,3,4.67,0,32
1625,4119.36,2059.68,2,4.5,1,68
1626,4865.09,1216.27,4,4.5,0,46
1627,3195.51,798.88,4,4.75,1,47
1628,2322.91,774.3,3,4.67,0,40
1629,5194.59,1731.53,3,4.33,0,43
1630,693.6,693.6,1,5.0,0,45
1631,6562.45,1640.61,4,4.75,1,26
1633,3050.63,610.13,5,4.6,0,22
1634,4675.31,2337.65,2,4.5,0,62
1635,2933.71,2933.71,1,4.0,0,41
1636,3938.68,984.67,4,4.0,0,37
1637,2588.52,1294.26,2,3.5,0,64
1638,9245.81,840.53,11,3.64,0,21
1639,1665.79,832.89,2,5.0,0,44
1640,3272.54,1090.85,3,4.33,0,26
1641,2904.07,968.02,3,4.67,0,28
1642,1234.59,617.3,2,3.0,1,18
1643,1142.69,571.35,2,5.0,0,33
1645,3489.0,1163.0,3,4.33,0,50
1646,3141.01,1570.5,2,4.0,0,48
1647,150.75,150.75,1,3.0,0,61
1648,7447.94,1241.32,6,4.67,1,64
1649,3200.77,1066.92,3,4.0,0,26
1650,5574.97,2787.48,2,2.5,1,56
1651,3823.54,1274.51,3,4.0,0,25
1652,3276.41,655.28,5,3.4,0,26
1653,1224.57,612.29,2,4.0,0,40
1654,4901.35,1225.34,4,4.25,0,41
1655,5150.02,1716.67,3,3.0,0,62
1656,6891.46,1378.29,5,4.4,1,31
1657,10995.76,1570.82,7,4.29,0,48
1658,224.85,224.85,1,4.0,0,50
1659,3913.84,1304.61,3,3.67,1,50
1660,8411.06,1401.84,6,3.17,2,52
1661,2682.97,1341.48,2,4.5,0,67
1662,4972.58,994.52,5,3.6,1,22
1663,1136.82,568.41,2,4.0,0,37
1664,4610.92,1536.97,3,3.33,0,65
1665,9962.61,1992.52,5,4.0,0,25
1666,463.5,231.75,2,4.0,0,44
1667,9380.23,1340.03,7,3.86,0,45
1668,1185.82,1185.82,1,4.0,0,24
1669,3556.06,1185.35,3,4.0,0,48
1670,1224.19,408.06,3,3.0,0,62
1672,1721.07,430.27,4,5.0,2,49
1673,4617.59,1154.4,4,4.5,1,23
1674,2449.7,612.42,4,4.5,2,57
1675,4815.16,1605.05,3,4.67,1,64
1676,1695.38,1695.38,1,5.0,0,44
1677,3449.49,689.9,5,4.2,1,67
1678,3733.19,1244.4,3,4.0,2,41
1679,2808.38,936.13,3,4.33,0,40
1680,4901.87,980.37,5,4.0,2,22
1681,2187.66,437.53,5,4.0,1,63
1682,1522.78,761.39,2,3.5,0,26
1683,1192.44,596.22,2,4.0,1,20
1684,2940.91,735.23,4,5.0,1,29
1685,244.67,244.67,1,5.0,0,42
1686,3045.9,761.48,4,5.0,0,24
1687,6271.52,1045.25,6,4.67,1,63
1688,5074.54,1268.63,4,4.5,1,68
1689,2357.24,785.75,3,4.33,1,62
1690,2991.23,997.08,3,4.33,0,27
1691,5110.32,1022.06,5,4.6,0,35
1692,2211.26,737.09,3,4.0,1,62
1693,4691.22,938.24,5,5.0,0,58
1694,1491.2,1491.2,1,3.0,1,25
1695,1515.21,1515.21,1,2.0,0,64
1696,3240.24,648.05,5,4.0,1,59
1697,2254.65,563.66,4,2.75,0,66
1698,8446.42,2111.61,4,4.5,1,44
1699,5244.96,874.16,6,3.67,1,48
1700,791.01,791.01,1,3.0,0,60
1701,9078.03,1296.86,7,4.57,0,56
1702,2702.98,675.75,4,3.25,0,47
1703,2324.96,1162.48,2,4.0,0,43
1704,4596.83,2298.41,2,5.0,0,59
1705,4082.17,1020.54,4,4.5,0,50
1706,683.45,683.45,1,5.0,0,30
1707,6297.22,1259.44,5,4.6,0,37
1708,7920.68,1980.17,4,4.75,0,36
1709,5824.31,970.72,6,4.33,1,44
1710,5795.15,1931.72,3,4.0,0,34
1711,5022.96,1255.74,4,4.0,0,19
1712,1149.0,383.0,3,5.0,0,38
1713,4204.98,2102.49,2,3.5,0,19
1714,4398.35,1466.12,3,3.33,0,65
1715,5854.93,975.82,6,4.33,0,19
1716,7885.69,1314.28,6,3.5,0,68
1717,6711.66,1342.33,5,4.6,0,32
1718,60.65,60.65,1,5.0,0,52
1719,3348.98,558.16,6,3.0,1,20
1721,1720.26,573.42,3,3.33,0,42
1722,4831.82,1207.96,4,4.25,1,60
1723,2077.16,2077.16,1,4.0,0,49
1724,4937.3,1645.77,3,3.33,0,57
1725,2252.21,563.05,4,4.5,0,45
1726,3419.02,1139.67,3,4.33,0,57
1727,7265.59,1453.12,5,3.8,0,66
1728,5199.32,1733.11,3,5.0,0,67
1729,6278.07,1255.61,5,3.4,0,54
1730,2586.48,1293.24,2,4.5,0,29
1731,9907.52,1651.25,6,3.83,0,20
1732,3986.59,1328.86,3,2.67,1,50
1734,4441.09,888.22,5,3.2,0,45
1736,2996.03,2996.03,1,5.0,1,53
1737,7146.19,1020.88,7,3.86,1,54
1738,7217.7,1804.43,4,4.75,0,46
1739,718.29,718.29,1,3.0,0,26
1740,1753.56,1753.56,1,5.0,0,29
1741,4366.62,1091.66,4,4.25,1,43
1742,2412.38,603.09,4,3.75,0,64
1743,171.44,171.44,1,1.0,0,64
1744,2497.72,2497.72,1,4.0,0,66
1745,3926.98,1308.99,3,4.0,0,20
1746,3257.42,1085.81,3,4.67,0,38
1747,5662.52,1887.51,3,3.33,0,19
1748,4859.69,1214.92,4,4.75,0,62
1749,825.34,412.67,2,4.0,0,58
1750,5697.05,1899.02,3,4.33,0,60
1751,6458.61,1291.72,5,5.0,0,61
1752,5012.31,1253.08,4,4.0,0,24
1753,2737.84,547.57,5,3.6,0,63
1754,2416.95,1208.48,2,5.0,0,42
1755,3784.11,756.82,5,3.2,0,50
1756,2134.6,711.53,3,4.33,1,58
1757,6397.84,1279.57,5,4.8,0,37
1758,3569.97,1189.99,3,4.0,0,18
1759,608.03,608.03,1,1.0,0,37
1760,5075.32,1268.83,4,4.0,1,62
1761,2613.93,1306.96,2,4.5,0,62
1762,3620.13,905.03,4,4.5,0,49
1763,3151.91,3151.91,1,5.0,1,27
1764,3257.44,1628.72,2,3.5,0,46
1765,1822.4,1822.4,1,3.0,0,30
1766,1885.24,1885.24,1,4.0,0,34
1767,7989.98,1331.66,6,4.67,0,50
1768,3181.09,1060.36,3,4.67,0,31
1769,4115.0,823.0,5,3.8,3,58
1770,934.74,467.37,2,4.5,0,63
1771,6896.07,2298.69,3,4.67,0,59
1772,417.81,208.91,2,3.5,0,63
1773,3361.43,1120.48,3,3.0,0,48
1774,2146.32,2146.32,1,3.0,0,34
1775,764.29,382.14,2,4.0,0,42
1776,1569.14,784.57,2,4.0,0,32
1777,3968.72,793.74,5,3.4,2,66
1778,6065.95,3032.98,2,3.5,0,42
1779,5808.61,1452.15,4,3.75,0,35
1780,9821.53,1964.31,5,4.2,0,37
1781,481.46,240.73,2,4.5,1,25
1782,2368.19,1184.1,2,5.0,1,40
1783,6083.38,1216.68,5,4.2,1,63
1784,3709.49,927.37,4,4.5,0,62
1785,1132.26,1132.26,1,5.0,0,53
1786,2522.43,2522.43,1,5.0,0,27
1787,6043.8,863.4,7,4.29,1,36
1788,3928.56,982.14,4,3.25,0,51
1789,2098.52,699.51,3,4.67,0,19
1790,11641.95,1663.14,7,3.29,1,36
1791,1744.46,872.23,2,5.0,0,27
1792,7155.96,1788.99,4,4.75,0,58
1793,2617.54,1308.77,2,4.0,0,65
1794,3106.51,1553.25,2,5.0,0,20
1795,1433.17,716.58,2,3.5,0,65
1796,1562.3,1562.3,1,4.0,0,60
1797,7062.33,1008.9,7,4.0,1,23
1798,4350.16,1087.54,4,3.5,0,57
1799,6210.58,1552.65,4,4.5,1,65
1800,128.24,64.12,2,5.0,0,60
1801,4559.3,1139.82,4,4.75,1,61
1802,7137.19,1784.3,4,3.75,1,54
1803,5412.51,1082.5,5,3.8,0,33
1804,3205.26,1068.42,3,3.33,0,61
1805,3131.98,1043.99,3,4.0,0,54
1806,747.96,747.96,1,2.0,0,48
1807,3491.54,1163.85,3,4.67,0,47
1808,5083.54,1270.88,4,4.25,0,66
1809,11366.73,1894.46,6,4.5,2,39
1810,7370.34,1842.58,4,4.5,0,50
1811,507.2,253.6,2,5.0,0,34
1812,3960.99,990.25,4,4.75,0,43
1813,1379.04,344.76,4,4.25,0,28
1814,141.71,141.71,1,4.0,0,28
1815,5600.13,1120.03,5,3.2,0,47
1816,2327.7,1163.85,2,3.5,1,39
1817,4577.33,1144.33,4,4.75,0,40
1818,2664.66,666.17,4,4.75,0,46
1819,2172.92,434.58,5,3.8,0,42
1820,3880.64,1293.55,3,4.33,0,58
1821,7315.22,1045.03,7,4.43,1,19
1822,3949.08,1974.54,2,4.0,0,67
1823,1877.8,938.9,2,4.5,1,33
1824,11028.47,1838.08,6,4.0,0,31
1825,2244.9,561.22,4,3.25,0,67
1826,5915.3,1183.06,5,4.2,2,34
1827,1449.05,1449.05,1,5.0,0,46
1828,1907.71,1907.71,1,5.0,0,36
1829,3576.02,1788.01,2,5.0,0,35
1830,4564.01,912.8,5,4.8,1,69
1831,4290.89,1430.3,3,4.33,0,51
1832,7817.66,1954.41,4,4.5,0,45
1833,3722.53,1240.84,3,3.0,0,45
1834,3321.51,664.3,5,3.4,2,30
1835,6384.22,1596.06,4,4.5,0,52
1836,752.7,376.35,2,5.0,0,69
1837,3889.51,972.38,4,4.25,0,25
1838,10898.26,1556.89,7,4.0,1,31
1839,3069.6,767.4,4,4.25,0,40
1840,4285.07,1071.27,4,4.25,0,34
1841,3214.19,803.55,4,4.25,0,50
1842,5047.43,841.24,6,3.83,1,22
1843,6353.06,1270.61,5,4.4,0,61
1844,3834.54,639.09,6,4.33,0,26
1845,2818.08,939.36,3,4.0,1,33
1846,2219.9,2219.9,1,5.0,0,55
1847,11501.85,1916.97,6,4.33,0,48
1848,12041.73,1204.17,10,3.9,0,36
1849,8906.39,1484.4,6,4.33,0,33
1851,5206.51,867.75,6,4.0,1,26
1852,5273.48,1757.83,3,4.33,0,24
1853,2685.6,671.4,4,4.5,0,23
1854,2026.94,675.65,3,4.0,0,51
1855,1066.84,355.61,3,4.67,0,28
1856,314.07,314.07,1,4.0,0,52
1857,7726.13,1545.23,5,4.6,1,21
1858,2425.87,808.62,3,4.33,0,46
1859,1873.37,936.69,2,4.5,0,52
1860,1452.27,726.14,2,3.5,0,51
1861,3889.17,777.83,5,4.2,1,27
1862,1881.39,627.13,3,4.33,0,46
1863,1101.44,1101.44,1,4.0,0,57
1864,3484.27,1161.42,3,2.33,0,43
1865,5375.46,1343.86,4,4.25,0,51
1866,647.55,647.55,1,5.0,0,23
1867,4054.59,1351.53,3,3.67,0,24
1868,1209.81,604.9,2,4.0,0,55
1869,4032.35,806.47,5,4.6,0,45
1870,7721.24,1103.03,7,3.57,1,49
1871,1686.31,421.58,4,3.75,0,68
1872,7039.66,1759.92,4,4.0,1,21
1873,6633.84,947.69,7,3.86,0,53
1874,568.83,284.41,2,5.0,0,23
1875,3301.56,825.39,4,4.25,1,38
1876,4142.32,2071.16,2,5.0,0,58
1877,6169.16,1233.83,5,3.8,2,36
1878,833.03,833.03,1,5.0,0,32
1879,1271.29,635.65,2,4.5,0,54
1880,2048.23,409.65,5,3.6,0,54
1881,3313.6,1104.53,3,4.0,0,39
1882,2848.8,949.6,3,4.67,0,21
1883,6562.94,2187.65,3,5.0,0,38
1885,2716.93,905.64,3,4.33,0,43
1886,7945.54,1324.26,6,2.83,1,28
1887,3238.85,3238.85,1,5.0,1,62
1888,6745.11,1349.02,5,4.8,2,31
1889,6565.76,1313.15,5,4.0,0,36
1890,2882.31,720.58,4,3.5,0,46
1891,3940.62,788.12,5,4.6,0,55
1892,6054.16,1210.83,5,3.2,1,42
1893,11467.84,1638.26,7,4.0,2,32
1894,1930.61,965.3,2,5.0,0,59
1896,8191.06,1170.15,7,4.43,0,56
1897,4951.47,1650.49,3,4.33,0,41
1898,1542.22,514.07,3,4.67,0,28
1899,5055.24,1263.81,4,4.5,0,69
1901,1422.29,474.1,3,4.67,0,21
1902,1324.17,662.09,2,5.0,0,46
1903,8046.99,2682.33,3,4.67,0,44
1904,5734.69,955.78,6,4.0,0,30
1905,2608.9,1304.45,2,5.0,0,30
1906,2932.53,1466.27,2,4.5,1,60
1907,1483.96,741.98,2,4.5,0,57
1908,2794.51,1397.25,2,3.5,0,65
1909,3003.3,1501.65,2,4.5,0,40
1910,2610.94,870.31,3,4.67,1,37
1911,7922.64,1320.44,6,4.0,2,39
1912,7233.81,1205.64,6,4.0,1,52
1913,3861.29,1287.1,3,3.33,0,61
1914,3338.08,1112.69,3,4.33,0,63
1915,7474.89,1868.72,4,4.25,0,39
1916,6435.95,1072.66,6,4.5,1,23
1917,3401.05,1700.53,2,5.0,1,30
1918,6656.46,950.92,7,3.57,2,27
1919,10907.72,2181.54,5,4.0,0,41
1920,13146.44,1878.06,7,4.86,0,26
1921,436.95,218.47,2,3.5,0,25
1922,4963.76,992.75,5,4.2,1,54
1923,4601.42,920.28,5,4.4,0,21
1924,4592.61,1530.87,3,4.67,0,20
1925,3925.93,981.48,4,4.25,0,33
1926,3449.85,1149.95,3,4.33,0,36
1927,1692.67,1692.67,1,5.0,0,18
1928,6747.84,1349.57,5,4.2,0,39
1929,2164.4,1082.2,2,3.0,0,69
1930,1500.9,1500.9,1,5.0,0,60
1931,2964.52,741.13,4,4.75,1,27
1933,781.85,781.85,1,5.0,0,28
1934,3201.26,3201.26,1,3.0,0,44
1935,3277.28,655.46,5,4.0,1,28
1936,622.61,311.3,2,4.5,0,30
1937,4039.21,1346.4,3,4.67,0,50
1938,6378.51,911.22,7,4.43,1,53
1939,8790.4,1758.08,5,3.2,1,20
1940,2865.65,1432.83,2,4.5,0,51
1941,2664.37,666.09,4,4.25,1,39
1942,5741.2,1435.3,4,4.5,0,30
1943,3123.52,1041.17,3,4.33,0,21
1944,2105.91,2105.91,1,2.0,0,69
1945,840.48,420.24,2,2.5,1,40
1946,8100.02,1620.0,5,3.0,0,24
1947,2341.66,468.33,5,4.6,0,50
1948,693.66,693.66,1,4.0,0,39
1949,6566.35,1641.59,4,4.75,0,47
1950,2476.33,1238.16,2,4.0,0,58
1951,1642.88,821.44,2,5.0,0,64
1952,245.45,122.72,2,2.0,0,19
1953,6518.35,1629.59,4,4.25,0,22
1954,394.66,394.66,1,5.0,0,45
1955,2859.21,714.8,4,4.25,0,64
1956,2550.58,1275.29,2,4.5,0,18
1957,5644.67,2822.34,2,4.0,0,56
1958,2312.18,2312.18,1,4.0,0,66
1959,6807.96,1361.59,5,4.0,0,21
1960,483.41,483.41,1,4.0,0,35
1961,5723.81,1144.76,5,4.2,1,43
1962,2868.54,717.14,4,4.75,0,29
1964,5715.31,1143.06,5,4.2,1,20
1965,2195.46,2195.46,1,1.0,0,20
1966,8740.7,1456.78,6,4.33,1,50
1967,2039.21,1019.61,2,5.0,0,60
1968,4604.73,1534.91,3,4.67,0,20
1969,6002.31,1500.58,4,4.75,0,43
1970,2333.91,2333.91,1,3.0,0,65
1971,6726.69,1681.67,4,4.5,0,61
1972,7640.24,1091.46,7,4.29,1,18
1973,1312.2,656.1,2,4.5,0,25
1974,9999.29,1666.55,6,2.5,1,45
1975,2585.37,646.34,4,4.25,0,18
1976,4856.94,1214.24,4,4.0,1,61
1977,5183.67,1295.92,4,4.0,0,27
1978,6073.23,1518.31,4,2.75,0,66
1980,3302.72,1100.91,3,4.67,1,42
1981,5112.94,1022.59,5,3.2,0,58
1982,153.88,153.88,1,4.0,0,67
1983,1347.17,336.79,4,3.5,1,32
1984,5162.71,1720.9,3,4.0,1,49
1985,4052.56,1013.14,4,4.0,0,69
1986,1207.57,603.79,2,3.5,0,37
1987,3807.1,761.42,5,4.8,0,40
1988,3612.09,903.02,4,4.75,0,45
1989,2898.8,724.7,4,4.75,0,57
1990,1849.34,616.45,3,4.0,1,40
1991,6359.88,908.55,7,4.57,1,45
1992,5411.39,1352.85,4,3.0,1,57
1993,1958.23,652.74,3,5.0,1,68
1994,2100.79,1050.39,2,2.5,0,48
1995,606.12,303.06,2,5.0,0,54
1996,4547.92,909.58,5,4.4,0,41
1997,2840.71,1420.35,2,4.5,0,22
1998,4115.98,686.0,6,4.17,1,48
1999,3311.29,1103.76,3,5.0,0,58
2000,389.97,389.97,1,5.0,0,23
2001,6452.65,1075.44,6,4.17,0,47
2002,231.44,231.44,1,5.0,0,37
2003,4481.68,2240.84,2,4.5,0,33
2004,3342.87,835.72,4,3.5,0,35
2005,2739.37,1369.69,2,4.0,0,23
2007,1444.55,481.52,3,4.67,0,50
2008,4340.35,1085.09,4,4.25,1,41
2009,6809.83,1361.97,5,4.6,0,58
2010,1204.14,602.07,2,3.0,0,67
2011,592.94,592.94,1,5.0,0,19
2012,861.23,861.23,1,5.0,0,49
2013,4995.6,999.12,5,3.2,1,29
2014,1878.94,939.47,2,4.0,0,59
2015,3954.64,790.93,5,5.0,2,62
2016,12110.96,1345.66,9,4.78,0,56
2017,3841.44,1920.72,2,4.5,0,25
2018,5132.63,1026.53,5,4.8,0,44
2019,551.64,551.64,1,3.0,0,24
2020,3521.26,880.31,4,4.75,0,56
2021,184.48,184.48,1,5.0,0,60
2022,836.17,836.17,1,4.0,0,56
2023,4734.41,2367.21,2,5.0,0,64
2024,3508.74,877.18,4,2.0,1,33
2025,4331.96,866.39,5,4.0,0,26
2026,233.92,233.92,1,5.0,0,52
2027,5079.82,1269.96,4,3.0,0,59
2028,3659.99,1830.0,2,4.0,0,24
2029,3662.69,915.67,4,4.0,1,34
2030,9293.96,1327.71,7,3.43,1,50
2031,1897.05,632.35,3,4.0,0,60
2032,4801.14,1200.28,4,4.5,1,50
2033,2830.51,566.1,5,5.0,1,67
2034,414.32,414.32,1,5.0,0,52
2035,4809.51,961.9,5,4.0,0,40
2036,3997.84,999.46,4,4.25,0,32
2037,2047.77,682.59,3,4.33,0,19
2038,2346.73,1173.37,2,4.5,0,65
2039,848.39,424.19,2,2.5,0,43
2040,1319.9,659.95,2,3.5,0,40
2041,4888.14,1222.03,4,4.75,0,18
2042,2524.1,1262.05,2,4.0,0,27
2043,3021.49,755.37,4,3.0,0,47
2044,6249.09,3124.54,2,3.0,0,26
2045,4721.0,1180.25,4,4.25,0,41
2046,205.01,205.01,1,5.0,0,30
2047,3618.93,904.73,4,4.5,0,47
2048,7757.88,1292.98,6,3.83,1,38
2049,7414.01,1853.5,4,3.75,0,23
2050,3780.23,1890.12,2,5.0,1,19
2051,4236.25,1059.06,4,4.75,0,27
2052,4508.51,2254.25,2,3.5,0,62
2053,2858.26,1429.13,2,4.0,1,69
2054,1244.15,414.72,3,3.67,0,44
2055,1782.67,891.33,2,3.0,1,19
2057,3757.62,1878.81,2,4.5,0,62
2058,311.67,155.83,2,4.5,0,66
2060,1841.16,920.58,2,4.5,0,69
2061,565.74,282.87,2,4.0,0,42
2062,6781.86,1356.37,5,4.0,2,63
2063,42.23,42.23,1,3.0,0,49
2064,842.58,842.58,1,4.0,0,29
2065,12390.42,1548.8,8,3.75,0,40
2066,4755.42,1188.85,4,4.25,0,37
2067,4339.43,867.89,5,4.6,1,31
2069,6679.76,1669.94,4,5.0,1,33
2070,4221.57,844.31,5,4.0,0,37
2071,472.72,472.72,1,3.0,0,56
2072,2462.11,1231.05,2,3.5,0,31
2073,2102.77,525.69,4,4.5,0,19
2074,5926.51,1185.3,5,4.6,0,28
2075,7144.76,1190.79,6,4.5,0,20
2076,1568.69,784.35,2,3.5,0,20
2077,5615.37,1403.84,4,4.25,0,44
2079,4139.35,827.87,5,4.8,1,18
2080,7114.1,1778.52,4,3.25,0,37
2081,8558.3,1426.38,6,3.17,1,62
2082,4390.09,2195.05,2,4.0,0,69
2083,1369.06,684.53,2,3.5,0,30
2085,2491.6,2491.6,1,5.0,0,40
2086,5632.11,1877.37,3,4.33,0,44
2088,7183.42,1197.24,6,3.5,0,32
2089,6686.65,1337.33,5,4.6,0,20
2090,1015.44,1015.44,1,1.0,0,36
2091,4077.52,1359.17,3,4.33,0,65
2092,9574.33,1063.81,9,3.33,1,29
2093,2114.37,704.79,3,3.67,0,61
2094,3637.82,606.3,6,4.5,1,39
2095,2119.14,706.38,3,4.0,0,28
2096,6396.82,799.6,8,4.25,1,50
2097,3365.61,1121.87,3,4.0,0,49
2098,8179.01,1363.17,6,3.5,1,33
2099,6227.69,1556.92,4,3.5,0,68
2100,3036.52,759.13,4,3.25,0,42
2101,4261.17,1065.29,4,4.75,0,30
2102,8155.53,1019.44,8,4.25,0,46
2103,920.15,306.72,3,4.67,0,24
2104,2957.67,985.89,3,3.33,1,21
2105,10440.75,1305.09,8,4.38,1,63
2106,3075.14,1537.57,2,4.5,0,53
2107,1430.96,715.48,2,3.5,1,38
2108,3667.06,1222.35,3,4.67,0,60
2109,2608.24,652.06,4,5.0,0,34
2110,4339.85,2169.93,2,4.5,0,64
2111,4650.93,1550.31,3,3.67,0,69
2112,2358.4,2358.4,1,4.0,0,59
2113,5213.73,744.82,7,4.57,0,67
2114,1858.03,619.34,3,4.0,1,20
2115,7280.62,1820.15,4,4.25,0,67
2116,8452.9,1207.56,7,3.86,1,65
2117,3182.28,1060.76,3,3.67,0,42
2118,4890.76,1630.25,3,4.67,0,57
2119,8612.73,1722.55,5,4.8,0,58
2120,801.38,267.13,3,4.0,0,60
2121,3678.34,919.58,4,3.75,1,41
2122,2688.64,672.16,4,4.0,0,43
2124,5370.23,1342.56,4,4.5,1,66
2125,1989.0,994.5,2,4.0,0,56
2126,6552.29,1092.05,6,4.0,1,62
2127,11082.62,1583.23,7,4.57,2,24
2128,4219.43,1406.48,3,3.33,0,27
2129,7798.21,1114.03,7,4.43,0,45
2130,6640.83,3320.41,2,5.0,0,38
2131,2807.72,701.93,4,3.5,0,20
2132,2011.47,670.49,3,4.0,1,61
2133,780.59,260.2,3,4.67,0,25
2134,7793.44,1948.36,4,4.5,0,65
2135,10904.28,1363.03,8,4.62,0,68
2136,1306.99,435.66,3,4.0,0,23
2137,5398.36,771.19,7,4.14,0,65
2138,4166.74,833.35,5,4.4,0,27
2139,5172.55,2586.27,2,5.0,0,48
2140,4413.56,1103.39,4,4.25,0,30
2141,5200.34,1040.07,5,3.6,1,19
2142,1833.55,916.78,2,3.5,0,54
2143,5119.67,1706.56,3,4.67,0,51
2144,4195.18,1048.8,4,4.75,0,24
2146,289.65,144.83,2,3.0,0,53
2147,459.95,459.95,1,4.0,0,18
2148,5070.1,1267.52,4,4.5,1,28
2149,4290.85,1430.28,3,4.33,1,23
2150,2165.07,721.69,3,3.67,1,68
2151,8042.03,893.56,9,4.11,0,66
2152,3177.69,794.42,4,3.0,0,43
2153,10771.28,1077.13,10,4.2,0,35
2154,620.14,620.14,1,5.0,0,35
2155,9029.74,1128.72,8,3.62,0,44
2156,2027.38,2027.38,1,5.0,0,58
2157,945.42,315.14,3,4.0,1,32
2158,3906.36,1302.12,3,3.33,0,22
2159,3241.4,810.35,4,2.75,0,62
2160,148.02,148.02,1,4.0,0,52
2161,7612.72,1268.79,6,4.67,0,41
2162,2104.76,701.59,3,4.33,0,42
2163,1912.21,956.1,2,5.0,0,67
2164,3825.43,637.57,6,4.17,0,53
2165,543.61,543.61,1,4.0,0,49
2166,1611.93,537.31,3,4.33,1,49
2167,4460.87,1115.22,4,5.0,0,55
2168,3260.06,815.01,4,3.75,0,29
2169,7180.49,1436.1,5,4.0,0,47
2170,4168.32,694.72,6,4.67,2,48
2171,2416.28,2416.28,1,4.0,0,37
2172,2906.83,726.71,4,4.5,0,32
2173,6407.81,1601.95,4,5.0,0,50
2174,1541.12,513.71,3,4.67,0,24
2175,3758.38,1879.19,2,5.0,0,40
2176,3567.16,713.43,5,5.0,0,51
2177,7764.03,1941.01,4,4.25,1,21
2178,4819.28,1606.43,3,4.67,0,57
2179,4413.03,882.61,5,4.8,0,56
2180,2416.95,2416.95,1,4.0,0,24
2181,2474.31,618.58,4,2.75,0,30
2182,2173.19,1086.6,2,3.5,0,67
2183,2045.95,2045.95,1,5.0,0,52
2184,3666.96,733.39,5,5.0,0,29
2185,6492.0,1623.0,4,3.5,0,34
2186,1190.08,396.69,3,4.33,0,56
2187,9083.43,1513.91,6,3.5,1,24
2188,2130.23,1065.11,2,1.5,0,29
2189,6742.57,1123.76,6,3.67,0,32
2190,2222.94,1111.47,2,4.0,0,69
2191,4068.07,813.61,5,3.4,0,65
2192,3673.54,1224.51,3,4.33,0,33
2193,965.51,482.76,2,3.0,0,18
2194,5871.8,1174.36,5,4.4,2,22
2195,2163.75,721.25,3,3.33,0,30
2196,97.05,97.05,1,5.0,0,21
2197,3515.73,1171.91,3,3.33,0,51
2198,2292.21,1146.11,2,5.0,0,66
2199,3485.19,3485.19,1,2.0,0,32
2200,2646.2,882.07,3,4.33,1,69
2201,2045.56,1022.78,2,4.5,0,25
2202,5643.73,1881.24,3,4.67,0,61
2203,7904.54,1317.42,6,4.17,0,50
2204,4169.17,833.83,5,4.2,1,53
2205,8339.9,1667.98,5,4.2,1,35
2206,2232.76,1116.38,2,4.5,0,32
2207,1325.82,662.91,2,4.5,0,46
2208,1414.03,1414.03,1,5.0,0,25
2209,6790.29,1131.71,6,3.83,1,58
2210,3451.67,690.33,5,3.4,0,22
2211,2666.25,533.25,5,4.0,1,33
2212,9328.51,1865.7,5,4.6,1,40
2213,4135.11,827.02,5,4.4,1,20
2214,3783.12,756.62,5,2.6,0,36
2215,7610.56,1902.64,4,3.5,2,41
2216,4980.13,1245.03,4,4.5,0,23
2217,807.11,403.56,2,5.0,1,60
2218,3915.65,978.91,4,4.0,0,67
2219,2060.58,1030.29,2,5.0,0,38
2220,5927.83,1481.96,4,5.0,1,63
2221,7113.83,1422.77,5,4.8,0,44
2222,2384.33,794.78,3,4.33,0,22
2223,8230.09,1371.68,6,4.67,0,58
2224,6404.96,1601.24,4,4.0,0,33
2225,4086.74,1362.25,3,5.0,0,18
2226,2824.16,941.39,3,3.67,0,31
2227,5224.53,1306.13,4,5.0,0,39
2228,4637.55,1159.39,4,3.75,2,43
2229,3002.81,750.7,4,4.5,1,26
2230,7429.81,1857.45,4,4.25,1,43
2231,8544.56,1424.09,6,3.67,2,64
2232,7622.2,1270.37,6,4.0,1,25
2233,2726.79,908.93,3,4.33,0,20
2234,4201.42,840.28,5,3.4,0,25
2235,4882.26,1220.57,4,4.25,1,64
2236,3047.0,1015.67,3,3.0,1,45
2237,2030.0,676.67,3,4.67,0,39
2238,7832.4,1305.4,6,4.33,0,50
2239,2036.01,1018.01,2,5.0,1,65
2240,4577.21,1525.74,3,3.33,0,28
2241,3720.59,930.15,4,4.0,0,25
2242,5011.8,2505.9,2,4.5,1,67
2243,5294.27,1764.76,3,3.33,0,41
2244,1617.31,539.1,3,4.67,0,28
2245,3856.62,1285.54,3,3.67,1,43
2246,873.29,873.29,1,5.0,0,41
2248,2086.4,695.47,3,4.33,0,22
2249,3034.25,1517.13,2,5.0,1,18
2250,671.26,335.63,2,5.0,0,48
2251,1973.89,1973.89,1,1.0,0,37
2252,2807.71,561.54,5,3.8,0,20
2253,5729.77,1145.95,5,3.0,1,39
2254,4063.98,2031.99,2,4.5,1,34
2255,2435.32,608.83,4,3.75,0,45
2256,6423.34,2141.11,3,4.0,0,36
2258,1059.35,529.67,2,5.0,0,55
2259,2557.67,852.56,3,3.33,0,41
2260,13791.23,1379.12,10,4.1,1,47
2261,3314.28,1104.76,3,5.0,0,52
2262,3768.18,1256.06,3,4.0,0,48
2263,2107.38,1053.69,2,4.5,1,59
2264,1420.57,710.29,2,3.0,0,52
2265,1012.35,1012.35,1,4.0,0,49
2266,1666.69,1666.69,1,5.0,0,54
2267,799.68,799.68,1,5.0,0,64
2268,2094.35,1047.17,2,5.0,0,65
2269,13973.26,1552.58,9,3.56,2,38
2270,1951.01,487.75,4,4.0,0,35
2271,2720.75,906.92,3,5.0,1,67
2272,5079.05,1015.81,5,4.2,1,43
2273,1774.61,887.3,2,4.5,0,39
2274,3402.33,1701.16,2,3.5,0,32
2275,1374.45,1374.45,1,4.0,0,30
2276,4609.43,921.89,5,5.0,1,66
2277,319.11,319.11,1,4.0,0,69
2278,5191.19,1038.24,5,4.0,2,53
2279,1393.26,696.63,2,4.0,0,20
2280,790.38,790.38,1,4.0,0,41
2281,358.04,179.02,2,5.0,0,69
2282,1753.37,1753.37,1,4.0,0,68
2283,6397.15,2132.38,3,5.0,0,44
2284,813.08,406.54,2,3.5,0,24
2285,191.17,191.17,1,4.0,0,61
2286,1638.06,1638.06,1,5.0,0,28
2287,628.79,628.79,1,2.0,0,31
2288,2607.66,1303.83,2,4.5,1,64
2289,5031.93,1257.98,4,4.0,1,31
2290,969.15,484.57,2,4.0,0,38
2291,7569.07,1892.27,4,3.75,0,40
2292,1881.96,470.49,4,4.0,0,57
2293,5506.29,917.71,6,4.0,1,60
2294,5614.13,1122.83,5,3.8,0,42
2295,2648.15,1324.07,2,3.0,0,42
2296,4410.64,882.13,5,4.6,1,58
2297,2745.83,1372.91,2,5.0,0,69
2298,3246.98,649.4,5,3.6,0,44
2299,3971.45,661.91,6,4.5,1,57
2301,5294.56,756.37,7,4.14,1,56
2302,7626.23,1271.04,6,3.83,0,29
2303,958.97,958.97,1,5.0,0,60
2304,1899.24,474.81,4,5.0,0,46
2305,9295.36,2323.84,4,4.75,0,33
2306,5326.65,887.77,6,3.5,0,43
2307,2512.44,1256.22,2,4.5,1,46
2308,8850.61,2212.65,4,4.25,0,66
2309,5943.38,1981.13,3,3.0,0,69
2310,9349.37,1869.87,5,4.2,0,56
2311,4439.71,1109.93,4,4.75,0,31
2312,5202.3,1040.46,5,3.8,0,59
2313,3144.17,786.04,4,4.5,0,56
2314,4178.21,1392.74,3,4.67,0,41
2315,7703.11,1925.78,4,3.75,0,23
2316,7983.0,1330.5,6,4.33,0,53
2317,4838.27,1209.57,4,4.0,0,46
2318,1542.59,771.29,2,2.5,0,57
2319,2733.83,683.46,4,4.5,0,59
2320,5155.65,1288.91,4,3.0,1,40
2321,2998.16,749.54,4,4.0,0,48
2322,5513.0,1837.67,3,4.67,0,66
2323,4059.37,1014.84,4,4.5,0,60
2324,382.82,382.82,1,2.0,0,38
2325,8622.11,1437.02,6,4.17,1,25
2326,1125.91,562.96,2,3.0,1,54
2327,2391.93,1195.97,2,3.5,0,54
2328,2017.07,1008.53,2,5.0,0,28
2329,5713.17,1428.29,4,5.0,0,60
2331,1598.58,1598.58,1,5.0,0,37
2332,3653.81,1217.94,3,4.33,0,49
2333,5782.64,1156.53,5,4.4,0,66
2334,10072.91,2014.58,5,4.0,0,33
2335,3053.13,1526.57,2,4.0,1,49
2336,5215.02,1303.75,4,3.0,1,23
2337,6626.09,1656.52,4,2.5,0,33
2338,2973.97,1486.99,2,5.0,0,19
2339,3250.61,1083.54,3,3.67,0,20
2340,9213.56,1842.71,5,3.8,0,45
2341,1625.41,541.8,3,3.67,0,32
2342,1484.21,742.11,2,3.0,0,30
2343,4157.48,1385.83,3,4.67,0,50
2344,1645.9,822.95,2,3.5,0,66
2345,4695.51,1565.17,3,4.33,0,41
2346,3589.54,717.91,5,4.2,0,40
2347,5704.14,1901.38,3,3.67,0,41
2348,1470.28,490.09,3,4.67,0,57
2349,4596.29,919.26,5,4.2,0,41
2350,9904.8,1980.96,5,4.2,1,65
2351,2046.02,682.01,3,4.33,0,61
2352,4974.47,1658.16,3,4.67,0,54
2353,5416.9,773.84,7,4.43,0,52
2354,5694.7,949.12,6,4.67,1,29
2355,2753.56,2753.56,1,4.0,0,38
2356,7719.28,1102.75,7,4.14,0,42
2357,8213.14,1368.86,6,3.67,0,33
2358,9300.15,1860.03,5,3.6,0,32
2359,6602.27,1100.38,6,4.83,0,43
2360,6603.99,1100.66,6,4.17,0,46
2361,2772.62,924.21,3,4.67,0,47
2362,6585.02,1646.25,4,4.5,1,60
2363,1597.5,532.5,3,4.33,0,50
2364,3383.4,1691.7,2,4.5,0,23
2365,772.75,386.37,2,4.5,0,19
2366,5325.66,1065.13,5,3.0,0,47
2367,2223.3,741.1,3,3.0,0,26
2368,3650.26,1216.75,3,4.0,0,35
2369,565.76,565.76,1,3.0,0,57
2370,3897.88,1299.29,3,3.67,0,21
2371,1230.78,410.26,3,5.0,0,21
2372,2909.99,727.5,4,4.25,1,45
2374,554.39,554.39,1,5.0,0,36
2375,1231.45,615.72,2,4.5,0,62
2376,1292.29,1292.29,1,5.0,0,54
2377,3334.46,1111.49,3,3.67,0,26
2378,5277.3,659.66,8,4.38,0,66
2379,4711.91,1570.64,3,4.33,0,30
2380,2015.51,671.84,3,3.67,0,69
2381,4519.63,1506.54,3,3.33,0,65
2382,3817.21,1272.4,3,4.33,0,65
2383,2701.7,1350.85,2,4.0,0,66
2384,5146.46,1715.49,3,4.67,1,65
2385,6012.2,2004.07,3,4.0,0,22
2386,4666.14,1555.38,3,4.33,0,31
2387,8858.65,1476.44,6,2.5,1,31
2388,4286.98,1428.99,3,4.33,0,30
2389,233.35,233.35,1,5.0,0,59
2390,4852.84,693.26,7,3.57,2,61
2391,5747.8,1436.95,4,4.0,0,26
2392,10907.81,1558.26,7,4.43,0,49
2393,2993.97,2993.97,1,3.0,0,36
2394,4660.7,776.78,6,4.0,0,63
2395,5282.95,1320.74,4,3.75,0,38
2396,2165.97,1082.99,2,4.5,1,31
2397,5348.77,1337.19,4,3.5,1,20
2398,11734.56,1955.76,6,4.33,0,49
2399,4158.45,1386.15,3,4.67,1,65
2400,2142.98,2142.98,1,5.0,0,32
2401,3198.46,1599.23,2,4.5,1,69
2402,885.26,295.09,3,4.67,0,35
2403,573.16,573.16,1,5.0,0,50
2404,4733.27,1577.76,3,4.33,1,61
2405,10922.61,2184.52,5,4.8,1,31
2406,5595.71,1865.24,3,4.0,0,64
2407,6725.35,1681.34,4,4.0,0,50
2409,4623.27,1541.09,3,2.33,0,61
2410,4371.61,874.32,5,4.4,1,47
2411,6558.88,1093.15,6,3.33,0,28
2412,5512.47,918.75,6,4.17,0,46
2413,1844.27,614.76,3,4.0,1,27
2414,1211.53,605.76,2,4.0,0,32
2415,1713.88,856.94,2,2.0,0,26
2416,4888.95,1222.24,4,3.25,1,59
2417,5476.48,1369.12,4,4.75,2,63
2418,851.77,851.77,1,4.0,0,31
2419,4730.98,1576.99,3,3.67,0,57
2420,3479.02,1739.51,2,5.0,0,29
2421,1680.24,1680.24,1,3.0,0,51
2422,3115.03,1038.34,3,4.67,0,46
2423,2654.1,1327.05,2,4.5,0,50
2424,2787.08,929.03,3,5.0,0,54
2425,8788.82,2197.2,4,3.5,0,47
2426,2129.8,1064.9,2,4.5,1,61
2427,1883.4,941.7,2,4.0,0,23
2428,2757.39,919.13,3,5.0,0,60
2429,1572.54,786.27,2,4.0,0,60
2430,6106.16,2035.39,3,4.33,1,43
2431,4048.93,1349.64,3,4.33,1,31
2432,2517.45,1258.72,2,3.0,0,48
2433,2872.0,957.33,3,4.33,0,49
2434,2023.84,1011.92,2,3.5,1,34
2435,7064.41,1177.4,6,4.17,0,29
2436,6572.57,2190.86,3,5.0,0,58
2437,3568.99,892.25,4,3.75,1,58
2438,2663.57,665.89,4,3.75,0,38
2439,4299.92,1074.98,4,4.5,0,54
2441,652.34,652.34,1,4.0,0,26
2442,4394.66,1464.89,3,3.67,0,60
2443,7222.39,1031.77,7,4.14,1,65
2444,2271.32,757.11,3,4.33,0,49
2445,3891.31,972.83,4,4.75,0,46
2446,3192.84,1596.42,2,5.0,0,60
2447,5612.31,1122.46,5,4.6,1,33
2448,8907.49,1781.5,5,4.0,1,40
2449,10850.12,1550.02,7,4.14,1,54
2450,4341.41,1447.14,3,2.67,0,36
2451,4040.96,1010.24,4,5.0,1,22
2452,4428.93,2214.47,2,4.5,0,29
2454,3402.35,1134.12,3,4.67,1,34
2455,4124.75,824.95,5,3.4,1,21
2456,2464.74,616.19,4,4.25,1,32
2457,522.02,522.02,1,5.0,0,20
2458,4930.57,2465.28,2,5.0,1,66
2459,4070.36,1356.79,3,4.67,2,57
2460,2146.94,1073.47,2,2.0,0,31
2461,3633.05,908.26,4,5.0,0,48
2462,7394.13,739.41,10,3.9,0,47
2463,3280.44,656.09,5,4.0,0,53
2464,9642.63,1607.11,6,4.0,1,42
2465,6481.3,1296.26,5,4.6,0,59
2466,6424.66,1606.16,4,4.25,1,54
2467,5256.96,1314.24,4,4.25,0,62
2468,6045.95,1007.66,6,3.5,0,27
2469,10487.48,1747.91,6,3.5,1,50
2470,2471.17,2471.17,1,3.0,0,42
2471,4640.65,1160.16,4,4.75,0,32
2472,985.58,985.58,1,5.0,0,53
2473,912.81,456.4,2,4.5,0,58
2474,1344.04,1344.04,1,4.0,0,54
2475,5362.94,893.82,6,4.67,1,65
2476,1500.7,750.35,2,3.5,0,40
2477,307.21,153.6,2,5.0,0,30
2478,3993.48,1331.16,3,4.0,1,44
2479,1496.57,1496.57,1,5.0,0,63
2480,2915.8,2915.8,1,5.0,0,52
2481,3139.64,1046.55,3,2.67,0,30
2482,3509.12,1169.71,3,3.67,1,41
2483,1116.46,372.15,3,5.0,1,47
2484,2982.08,1491.04,2,4.0,0,22
2485,4968.66,1242.17,4,4.0,0,45
2486,2824.45,941.48,3,1.67,0,19
2487,7556.68,1889.17,4,4.25,1,66
2488,2110.56,1055.28,2,2.5,0,48
2489,4609.04,1152.26,4,4.5,0,57
2490,7446.26,1241.04,6,4.67,0,26
2491,2917.21,1458.61,2,5.0,0,41
2492,3776.5,1888.25,2,4.0,0,23
2493,2050.19,1025.09,2,5.0,0,65
2494,4349.11,1449.7,3,3.67,1,33
2495,1638.05,1638.05,1,3.0,0,20
2496,782.39,391.2,2,3.0,1,38
2497,5252.28,1750.76,3,4.67,0,61
2498,1818.11,909.06,2,2.5,0,42
2499,375.37,187.69,2,2.0,1,50
